--
-- PostgreSQL database dump
--

-- Dumped from database version 17.2 (Debian 17.2-1.pgdg120+1)
-- Dumped by pg_dump version 17.2 (Debian 17.2-1.pgdg120+1)

SET statement_timeout = 0;
SET lock_timeout = 0;
SET idle_in_transaction_session_timeout = 0;
SET transaction_timeout = 0;
SET client_encoding = 'UTF8';
SET standard_conforming_strings = on;
SELECT pg_catalog.set_config('search_path', '', false);
SET check_function_bodies = false;
SET xmloption = content;
SET client_min_messages = warning;
SET row_security = off;

--
-- Name: public; Type: SCHEMA; Schema: -; Owner: dev
--

-- *not* creating schema, since initdb creates it


ALTER SCHEMA public OWNER TO dev;

--
-- Name: SCHEMA public; Type: COMMENT; Schema: -; Owner: dev
--

COMMENT ON SCHEMA public IS '';


--
-- Name: public; Type: SCHEMA; Schema: -; Owner: dev
--

-- *not* creating schema, since initdb creates it


ALTER SCHEMA public OWNER TO dev;

--
-- Name: SCHEMA public; Type: COMMENT; Schema: -; Owner: dev
--

COMMENT ON SCHEMA public IS '';


SET default_tablespace = '';

SET default_table_access_method = heap;

--
-- Name: categories; Type: TABLE; Schema: public; Owner: dev
--

CREATE TABLE public.categories (
    id integer NOT NULL,
    created_at timestamp(6) without time zone NOT NULL,
    sub_category character varying(100) NOT NULL,
    type character varying(255) NOT NULL,
    created_by integer,
    CONSTRAINT categories_type_check CHECK (((type)::text = ANY (ARRAY[('PLACE'::character varying)::text, ('JOB'::character varying)::text, ('EVENT'::character varying)::text, ('DEAL'::character varying)::text])))
);


ALTER TABLE public.categories OWNER TO dev;

--
-- Name: categories_id_seq; Type: SEQUENCE; Schema: public; Owner: dev
--

ALTER TABLE public.categories ALTER COLUMN id ADD GENERATED BY DEFAULT AS IDENTITY (
    SEQUENCE NAME public.categories_id_seq
    START WITH 1
    INCREMENT BY 1
    NO MINVALUE
    NO MAXVALUE
    CACHE 1
);


--
-- Name: deals; Type: TABLE; Schema: public; Owner: dev
--

CREATE TABLE public.deals (
    id integer NOT NULL,
    created_at timestamp(6) without time zone NOT NULL,
    description text,
    link character varying(255),
    title character varying(200) NOT NULL,
    updated_at timestamp(6) without time zone,
    category_id integer,
    created_by integer NOT NULL,
    company character varying(255),
    date_end timestamp(6) without time zone,
    new_price double precision,
    old_price double precision,
    reserve character varying(255)
);


ALTER TABLE public.deals OWNER TO dev;

--
-- Name: deals_id_seq; Type: SEQUENCE; Schema: public; Owner: dev
--

ALTER TABLE public.deals ALTER COLUMN id ADD GENERATED BY DEFAULT AS IDENTITY (
    SEQUENCE NAME public.deals_id_seq
    START WITH 1
    INCREMENT BY 1
    NO MINVALUE
    NO MAXVALUE
    CACHE 1
);


--
-- Name: events; Type: TABLE; Schema: public; Owner: dev
--

CREATE TABLE public.events (
    id integer NOT NULL,
    created_at timestamp(6) without time zone NOT NULL,
    date timestamp(6) without time zone NOT NULL,
    description text NOT NULL,
    image_url character varying(255),
    location character varying(255) NOT NULL,
    price double precision,
    title character varying(200) NOT NULL,
    category_id integer NOT NULL,
    created_by integer,
    summary text
);


ALTER TABLE public.events OWNER TO dev;

--
-- Name: events_id_seq; Type: SEQUENCE; Schema: public; Owner: dev
--

ALTER TABLE public.events ALTER COLUMN id ADD GENERATED BY DEFAULT AS IDENTITY (
    SEQUENCE NAME public.events_id_seq
    START WITH 1
    INCREMENT BY 1
    NO MINVALUE
    NO MAXVALUE
    CACHE 1
);


--
-- Name: jobs; Type: TABLE; Schema: public; Owner: dev
--

CREATE TABLE public.jobs (
    id integer NOT NULL,
    company_name character varying(150) NOT NULL,
    contact_email character varying(150),
    created_at timestamp(6) without time zone NOT NULL,
    description text NOT NULL,
    duration character varying(50),
    end_date date,
    location character varying(255) NOT NULL,
    start_date date,
    title character varying(200) NOT NULL,
    category_id integer NOT NULL,
    created_by integer,
    summary text
);


ALTER TABLE public.jobs OWNER TO dev;

--
-- Name: jobs_id_seq; Type: SEQUENCE; Schema: public; Owner: dev
--

ALTER TABLE public.jobs ALTER COLUMN id ADD GENERATED BY DEFAULT AS IDENTITY (
    SEQUENCE NAME public.jobs_id_seq
    START WITH 1
    INCREMENT BY 1
    NO MINVALUE
    NO MAXVALUE
    CACHE 1
);


--
-- Name: places; Type: TABLE; Schema: public; Owner: dev
--

CREATE TABLE public.places (
    id integer NOT NULL,
    address character varying(255) NOT NULL,
    created_at timestamp(6) without time zone NOT NULL,
    description text,
    image_url character varying(255),
    latitude double precision,
    longitude double precision,
    name character varying(150) NOT NULL,
    category_id integer NOT NULL,
    created_by integer,
    price double precision,
    summary character varying(200)
);


ALTER TABLE public.places OWNER TO dev;

--
-- Name: places_id_seq; Type: SEQUENCE; Schema: public; Owner: dev
--

ALTER TABLE public.places ALTER COLUMN id ADD GENERATED BY DEFAULT AS IDENTITY (
    SEQUENCE NAME public.places_id_seq
    START WITH 1
    INCREMENT BY 1
    NO MINVALUE
    NO MAXVALUE
    CACHE 1
);


--
-- Name: users; Type: TABLE; Schema: public; Owner: dev
--

CREATE TABLE public.users (
    id integer NOT NULL,
    name character varying(100) NOT NULL,
    email character varying(150) NOT NULL,
    password character varying(255) NOT NULL,
    created_at timestamp without time zone DEFAULT CURRENT_TIMESTAMP,
    role character varying(20) NOT NULL,
    updated_at timestamp(6) without time zone,
    CONSTRAINT users_role_check CHECK (((role)::text = ANY (ARRAY[('STUDENT'::character varying)::text, ('ADMIN'::character varying)::text, ('COMPANY'::character varying)::text])))
);


ALTER TABLE public.users OWNER TO dev;

--
-- Name: users_id_seq; Type: SEQUENCE; Schema: public; Owner: dev
--

CREATE SEQUENCE public.users_id_seq
    AS integer
    START WITH 1
    INCREMENT BY 1
    NO MINVALUE
    NO MAXVALUE
    CACHE 1;


ALTER SEQUENCE public.users_id_seq OWNER TO dev;

--
-- Name: users_id_seq; Type: SEQUENCE OWNED BY; Schema: public; Owner: dev
--

ALTER SEQUENCE public.users_id_seq OWNED BY public.users.id;


--
-- Name: users id; Type: DEFAULT; Schema: public; Owner: dev
--

ALTER TABLE ONLY public.users ALTER COLUMN id SET DEFAULT nextval('public.users_id_seq'::regclass);


--
-- Data for Name: categories; Type: TABLE DATA; Schema: public; Owner: dev
--

COPY public.categories (id, created_at, sub_category, type, created_by) FROM stdin;
1	2025-02-09 11:47:00	Culture	EVENT	1
2	2025-02-10 12:30:00	Sport	EVENT	1
3	2025-02-11 13:45:00	Restaurant	PLACE	2
4	2025-02-12 14:50:00	Technologie	JOB	3
5	2025-02-13 15:20:00	Shopping	DEAL	3
6	2025-03-07 16:43:52	Transport	DEAL	3
6	2025-03-11 17:14:43	CDI	JOB	1
7	2025-03-11 17:15:02	CDD	JOB	1
8	2025-03-11 17:15:21	Stage	JOB	1
9	2025-03-11 17:15:41	Alternance	JOB	1
\.


--
-- Data for Name: deals; Type: TABLE DATA; Schema: public; Owner: dev
--

COPY public.deals (id, created_at, description, link, title, updated_at, category_id, created_by, company, date_end, new_price, old_price, reserve) FROM stdin;
1	2025-02-10 09:00:00	Remise de 20% sur les billets d'entrée à Océanopolis pour les étudiants sur présentation de la carte étudiante.	https://www.oceanopolis.com/preparer-votre-visite/tarifs/	Offre Océanopolis Étudiants	2025-02-10 09:00:00	1	2	Océanopolis Brest	2025-06-30 23:59:59	17.5	22.9	Tous
2	2025-02-12 14:30:00	Tarif réduit de 11,30€ pour les étudiants au Cinéma Multiplexe Liberté sur présentation d'un justificatif étudiant.	https://www.allocine.fr/salle/cinema-P0417/tarifs/	Offre Cinéma Multiplexe Liberté Étudiants	2025-02-12 14:30:00	1	2	Cinéma Multiplexe Liberté	2025-06-30 23:59:59	11.3	14.6	Tous
3	2025-02-15 11:00:00	Tarif réduit de 5,50€ pour les étudiants au Cinéma Les Studios sur présentation de la carte étudiante.	https://www.cine-studios.fr/tarifs/	Offre Cinéma Les Studios Étudiants	2025-02-15 11:00:00	1	2	Cinéma Les Studios	2025-06-30 23:59:59	5.5	8.5	Tous
5	2025-02-20 10:30:00	Abonnement mensuel à 15€ pour la piscine de Recouvrance pour les étudiants sur présentation de la carte étudiante.	https://www.brest.fr/piscines-tarifs	Offre Piscine Recouvrance Étudiants	2025-02-20 10:30:00	2	2	Ville de Brest	2025-06-30 23:59:59	15	18	Tous
7	2025-02-25 15:30:00	Tarif réduit de 20% sur les locations de vélos chez Brest à Vélo pour les étudiants sur présentation de la carte étudiante.	https://www.brestavelo.brest.fr/tarifs	Offre Brest à Vélo Étudiants	2025-02-25 15:30:00	2	2	Brest à Vélo	2025-06-30 23:59:59	6.4	8	Tous
8	2025-02-28 17:00:00	Entrée à 5€ pour la patinoire du Rïnkla Stadium pour les étudiants le vendredi soir sur présentation de la carte étudiante.	https://www.patinoire-brest.fr/tarifs	Offre Patinoire Rïnkla Étudiants	2025-02-28 17:00:00	2	2	Rïnkla Stadium Brest	2025-06-30 23:59:59	5	7.3	Tous
9	2025-03-02 12:00:00	Remise de 15% sur les produits culturels à la librairie Dialogues pour les étudiants sur présentation de la carte étudiante.	https://www.librairiedialogues.fr/tarifs	Offre Librairie Dialogues Étudiants	2025-03-02 12:00:00	1	2	Librairie Dialogues Brest	2025-06-30 23:59:59	12.75	15	Tous
10	2025-03-05 14:00:00	Abonnement annuel à 120€ pour le réseau de transports en commun Bibus pour les étudiants sur présentation de la carte étudiante.	https://www.bibus.fr/tarifs	Offre Bibus Étudiants	2025-03-05 14:00:00	6	2	Bibus Brest	2025-06-30 23:59:59	120	150	Tous
4	2025-02-17 16:00:00	Carte de membre à 8€ donnant droit à des tarifs réduits au Quartz Théâtre pour les étudiants.	https://lequartz.notre-billetterie.com/abonnements/?abo=ab2425S	Offre Quartz Théâtre Étudiants	2025-02-17 16:00:00	1	2	Le Quartz Brest	2025-06-30 23:59:59	8	10	Tous
\.


--
-- Data for Name: events; Type: TABLE DATA; Schema: public; Owner: dev
--

COPY public.events (id, created_at, date, description, image_url, location, price, title, category_id, created_by, summary) FROM stdin;
1	2025-02-09 11:46:10	2025-02-15 19:00:00	Venez découvrir un concert de jazz exceptionnel mettant en avant des artistes locaux talentueux. Ce concert unique se déroulera dans une ambiance chaleureuse et conviviale, où chaque artiste aura l'opportunité de montrer son talent à travers une série de compositions originales et des reprises classiques du jazz. Le concert commencera à 19h00 et sera suivi d'une session de questions-réponses avec les musiciens. Ne manquez pas cette soirée musicale inoubliable.	/img/concert.jpg	Salle de Concert de Brest	20	Concert de Jazz	1	1	Concert de jazz avec des artistes locaux.
2	2025-02-10 12:00:00	2025-02-16 10:00:00	Rejoignez-nous pour une conférence captivante sur l'intelligence artificielle, où des experts du domaine partageront leurs connaissances sur les dernières avancées technologiques. Cette conférence abordera des sujets variés allant des algorithmes d'apprentissage automatique aux implications éthiques de l'IA dans la société. L'événement aura lieu dans l'auditorium principal de l'Université de Brest, avec une session de networking à la fin pour échanger avec les conférenciers et les autres participants. Ne manquez pas cette occasion unique de comprendre les enjeux actuels de l'IA.	/img/conference.jpg	Université de Brest	10	Conférence IA	1	3	Conférence sur l'intelligence artificielle.
\.


--
-- Data for Name: jobs; Type: TABLE DATA; Schema: public; Owner: dev
--

COPY public.jobs (id, company_name, contact_email, created_at, description, duration, end_date, location, start_date, title, category_id, created_by, summary) FROM stdin;
2	Restaurant Gourmand	rh@restaurant.com	2025-02-12 14:50:00	Nous recherchons un serveur dynamique et souriant pour assurer le service du soir dans un cadre convivial et chaleureux. Vos missions incluront l'accueil des clients, la prise de commandes, le service en salle ainsi que le conseil sur les plats et boissons. Une expérience préalable en restauration est un atout, mais la motivation et le sens du service sont essentiels. Rejoignez une équipe passionnée et contribuez à offrir une expérience mémorable à nos clients !	CDD	2025-06-30	Brest	2025-03-01	Serveur	7	2	Serveur pour service du soir en semaine.
\.


--
-- Data for Name: places; Type: TABLE DATA; Schema: public; Owner: dev
--

COPY public.places (id, address, created_at, description, image_url, latitude, longitude, name, category_id, created_by, price, summary) FROM stdin;
1	Château de Brest, Boulevard de la Marine, 29200 Brest	2025-03-10 09:00:00	Situé dans le château historique de Brest, ce musée retrace l'histoire de la Marine française à travers une riche collection d'artefacts, de maquettes et d'œuvres d'art.	/img/musee_marine.jpg	48.3825	-4.4944	Musée National de la Marine	1	1	10	Musée dédié à l'histoire maritime française.
2	Port de Plaisance du Moulin Blanc, 29200 Brest	2025-03-10 09:05:00	Centre de découverte des océans, Océanopolis propose des expositions interactives et des aquariums présentant la faune et la flore marines des régions polaires, tropicales et bretonnes.	/img/oceanopolis.jpg	48.39	-4.435	Océanopolis	1	1	15	Centre de découverte des océans avec aquariums.
3	25 Rue de Pontaniou, 29200 Brest	2025-03-10 09:10:00	Ancien site industriel réhabilité, les Ateliers des Capucins sont désormais un lieu culturel et de loisirs abritant une médiathèque, des espaces d'exposition, des boutiques et des restaurants.	/img/ateliers_capucins.jpg	48.3886	-4.4821	Les Ateliers des Capucins	1	2	0	Lieu culturel et de loisirs dans un ancien site industriel.
4	Rue Saint-Malo, 29200 Brest	2025-03-10 09:15:00	Seule rue ayant survécu aux bombardements de la Seconde Guerre mondiale, la rue Saint-Malo offre un aperçu du vieux Brest avec ses maisons anciennes et son atmosphère pittoresque.	/img/rue_saint_malo.jpg	48.3875	-4.49	Rue Saint-Malo	1	2	0	Rue historique préservée avec maisons anciennes.
5	Plouzané, 29280 Brest	2025-03-10 09:20:00	Ce phare emblématique offre une vue panoramique sur la mer d'Iroise et la rade de Brest. Il est accessible par un sentier côtier pittoresque.	/img/phare_petit_minou.jpg	48.3375	-4.6203	Phare du Petit Minou	1	3	0	Phare offrant une vue panoramique sur la mer.
6	Rampe du Stang-Alar, 29200 Brest	2025-03-10 09:25:00	Ce jardin botanique présente une collection unique de plantes en voie de disparition, réparties sur 30 hectares de vallons et de serres tropicales.	/img/conservatoire_botanique.jpg	48.398	-4.456	Conservatoire Botanique National de Brest	1	1	5	Jardin botanique avec plantes rares et serres.
7	Plage du Moulin Blanc, 29200 Brest	2025-03-10 09:30:00	Cette plage urbaine est idéale pour une promenade détente, offrant une vue sur l'anse du Moulin Blanc et des activités nautiques en été.	/img/plage_moulin_blanc.jpg	48.3925	-4.4194	Plage du Moulin Blanc	3	2	0	Plage urbaine avec activités nautiques.
8	Cours Dajot, 29200 Brest	2025-03-10 09:35:00	Promenade pittoresque offrant une vue imprenable sur la rade de Brest, idéale pour une balade tranquille en admirant le paysage maritime.	/img/cours_dajot.jpg	48.3838	-4.4905	Cours Dajot	1	2	0	Promenade avec vue sur la rade de Brest.
9	Station Jean Moulin, 29200 Brest	2025-03-10 09:40:00	Premier téléphérique urbain de France, il relie les deux rives de la Penfeld, offrant une vue unique sur la ville et le port militaire.	/img/telepherique_brest.jpg	48.3833	-4.49	Téléphérique de Brest	6	3	1.5	Premier téléphérique urbain de France avec vue.
10	55 Quai Éric Tabarly, 29200 Brest	2025-03-10 09:45:00	Située en plein cœur de la ville, la Marina du Château accueille des bateaux de plaisance et offre une promenade agréable avec des restaurants et des bars à proximité.	/img/marina_chateau.jpg	48.384	-4.4946	Marina du Château	3	2	0	Port de plaisance avec restaurants et bars.
\.


--
-- Data for Name: users; Type: TABLE DATA; Schema: public; Owner: dev
--

COPY public.users (id, name, email, password, created_at, role, updated_at) FROM stdin;
1	Admin User	admin@example.com	adminpassword	2025-02-09 11:45:17	ADMIN	2025-02-09 11:45:17
2	Student User	student@example.com	studentpassword	2025-02-10 12:00:00	STUDENT	2025-02-10 12:00:00
3	Company User	company@example.com	companypassword	2025-02-11 13:00:00	COMPANY	2025-02-11 13:00:00
\.


--
-- Name: categories_id_seq; Type: SEQUENCE SET; Schema: public; Owner: dev
--

SELECT pg_catalog.setval('public.categories_id_seq', 9, true);


--
-- Name: deals_id_seq; Type: SEQUENCE SET; Schema: public; Owner: dev
--

SELECT pg_catalog.setval('public.deals_id_seq', 10, true);


--
-- Name: events_id_seq; Type: SEQUENCE SET; Schema: public; Owner: dev
--

SELECT pg_catalog.setval('public.events_id_seq', 2, true);


--
-- Name: jobs_id_seq; Type: SEQUENCE SET; Schema: public; Owner: dev
--

SELECT pg_catalog.setval('public.jobs_id_seq', 6, true);


--
-- Name: places_id_seq; Type: SEQUENCE SET; Schema: public; Owner: dev
--

SELECT pg_catalog.setval('public.places_id_seq', 6, true);


--
-- Name: users_id_seq; Type: SEQUENCE SET; Schema: public; Owner: dev
--

SELECT pg_catalog.setval('public.users_id_seq', 3, true);


--
-- Name: categories categories_pkey; Type: CONSTRAINT; Schema: public; Owner: dev
--

ALTER TABLE ONLY public.categories
    ADD CONSTRAINT categories_pkey PRIMARY KEY (id);


--
-- Name: deals deals_pkey; Type: CONSTRAINT; Schema: public; Owner: dev
--

ALTER TABLE ONLY public.deals
    ADD CONSTRAINT deals_pkey PRIMARY KEY (id);


--
-- Name: events events_pkey; Type: CONSTRAINT; Schema: public; Owner: dev
--

ALTER TABLE ONLY public.events
    ADD CONSTRAINT events_pkey PRIMARY KEY (id);


--
-- Name: jobs jobs_pkey; Type: CONSTRAINT; Schema: public; Owner: dev
--

ALTER TABLE ONLY public.jobs
    ADD CONSTRAINT jobs_pkey PRIMARY KEY (id);


--
-- Name: places places_pkey; Type: CONSTRAINT; Schema: public; Owner: dev
--

ALTER TABLE ONLY public.places
    ADD CONSTRAINT places_pkey PRIMARY KEY (id);


--
-- Name: categories ukt806pivur7nn124jehx7cygw5; Type: CONSTRAINT; Schema: public; Owner: dev
--

ALTER TABLE ONLY public.categories
    ADD CONSTRAINT ukt806pivur7nn124jehx7cygw5 UNIQUE (sub_category);


--
-- Name: users users_email_key; Type: CONSTRAINT; Schema: public; Owner: dev
--

ALTER TABLE ONLY public.users
    ADD CONSTRAINT users_email_key UNIQUE (email);


--
-- Name: users users_pkey; Type: CONSTRAINT; Schema: public; Owner: dev
--

ALTER TABLE ONLY public.users
    ADD CONSTRAINT users_pkey PRIMARY KEY (id);


--
-- Name: categories fk5yfru0au6kpyqs4tonky5vfne; Type: FK CONSTRAINT; Schema: public; Owner: dev
--

ALTER TABLE ONLY public.categories
    ADD CONSTRAINT fk5yfru0au6kpyqs4tonky5vfne FOREIGN KEY (created_by) REFERENCES public.users(id);


--
-- Name: deals fk9tii7qhrwtm0t22p08yp38p5b; Type: FK CONSTRAINT; Schema: public; Owner: dev
--

ALTER TABLE ONLY public.deals
    ADD CONSTRAINT fk9tii7qhrwtm0t22p08yp38p5b FOREIGN KEY (created_by) REFERENCES public.users(id);


--
-- Name: jobs fkag1hj06pxsv6fexoubroe6mn4; Type: FK CONSTRAINT; Schema: public; Owner: dev
--

ALTER TABLE ONLY public.jobs
    ADD CONSTRAINT fkag1hj06pxsv6fexoubroe6mn4 FOREIGN KEY (created_by) REFERENCES public.users(id);


--
-- Name: places fkayjup44mff03nvy1v9u2m7184; Type: FK CONSTRAINT; Schema: public; Owner: dev
--

ALTER TABLE ONLY public.places
    ADD CONSTRAINT fkayjup44mff03nvy1v9u2m7184 FOREIGN KEY (created_by) REFERENCES public.users(id);


--
-- Name: places fkca17w9kt9f18v0lr91ssmivx5; Type: FK CONSTRAINT; Schema: public; Owner: dev
--

ALTER TABLE ONLY public.places
    ADD CONSTRAINT fkca17w9kt9f18v0lr91ssmivx5 FOREIGN KEY (category_id) REFERENCES public.categories(id);


--
-- Name: jobs fklunrv9ems34544ff26wyfa89v; Type: FK CONSTRAINT; Schema: public; Owner: dev
--

ALTER TABLE ONLY public.jobs
    ADD CONSTRAINT fklunrv9ems34544ff26wyfa89v FOREIGN KEY (category_id) REFERENCES public.categories(id);


--
-- Name: events fkmpv90allsx91cxsj7xjcvvsxg; Type: FK CONSTRAINT; Schema: public; Owner: dev
--

ALTER TABLE ONLY public.events
    ADD CONSTRAINT fkmpv90allsx91cxsj7xjcvvsxg FOREIGN KEY (created_by) REFERENCES public.users(id);


--
-- Name: events fko6mla8j1p5bokt4dxrlmgwc28; Type: FK CONSTRAINT; Schema: public; Owner: dev
--

ALTER TABLE ONLY public.events
    ADD CONSTRAINT fko6mla8j1p5bokt4dxrlmgwc28 FOREIGN KEY (category_id) REFERENCES public.categories(id);


--
-- Name: deals fkpnyh4swmor0cfhfjaefm5o9gh; Type: FK CONSTRAINT; Schema: public; Owner: dev
--

ALTER TABLE ONLY public.deals
    ADD CONSTRAINT fkpnyh4swmor0cfhfjaefm5o9gh FOREIGN KEY (category_id) REFERENCES public.categories(id);


--
-- Name: SCHEMA public; Type: ACL; Schema: -; Owner: dev
--

REVOKE USAGE ON SCHEMA public FROM PUBLIC;


--
-- PostgreSQL database dump complete
--

